{
    "Ar36": {
        "error": 0.0004192786313416863, 
        "filter_outliers_dict": {
            "filter_outliers": true, 
            "iterations": 1, 
            "std_devs": 2
        }, 
        "fit": "Parabolic", 
        "value": 0.04908256839652648
    }, 
    "Ar37": {
        "error": 0.0047411061925617965, 
        "filter_outliers_dict": {
            "filter_outliers": true, 
            "iterations": 1, 
            "std_devs": 2
        }, 
        "fit": "linear", 
        "value": 1.9632635459898207
    }, 
    "Ar38": {
        "error": 0.002251496133328879, 
        "filter_outliers_dict": {
            "filter_outliers": true, 
            "iterations": 1, 
            "std_devs": 2
        }, 
        "fit": "linear", 
        "value": 0.04314725504410852
    }, 
    "Ar39": {
        "error": 0.009078113471060825, 
        "filter_outliers_dict": {
            "filter_outliers": true, 
            "iterations": 1, 
            "std_devs": 2
        }, 
        "fit": "Parabolic", 
        "value": 1.015479748672604
    }, 
    "Ar40": {
        "error": 0.00993653892266959, 
        "filter_outliers_dict": {
            "filter_outliers": true, 
            "iterations": 1, 
            "std_devs": 2
        }, 
        "fit": "Parabolic", 
        "value": 19.80393145778866
    }, 
    "Ar41": {
        "error": 0.006148858382012335, 
        "filter_outliers_dict": {
            "filter_outliers": true, 
            "iterations": 1, 
            "std_devs": 2
        }, 
        "fit": "linear", 
        "value": -0.04343941164792984
    }
}