{
    "Ar36": {
        "error": 0.0007719178042162059, 
        "filter_outliers_dict": {
            "filter_outliers": true, 
            "iterations": 1, 
            "std_devs": 2
        }, 
        "fit": "Parabolic", 
        "value": 0.013161017034820472
    }, 
    "Ar37": {
        "error": 0.010786765807317985, 
        "filter_outliers_dict": {
            "filter_outliers": true, 
            "iterations": 1, 
            "std_devs": 2
        }, 
        "fit": "linear", 
        "value": 0.3473705950898087
    }, 
    "Ar38": {
        "error": 0.004977423697493622, 
        "filter_outliers_dict": {
            "filter_outliers": true, 
            "iterations": 1, 
            "std_devs": 2
        }, 
        "fit": "linear", 
        "value": 0.01507297962024319
    }, 
    "Ar39": {
        "error": 0.025342731349657262, 
        "filter_outliers_dict": {
            "filter_outliers": true, 
            "iterations": 1, 
            "std_devs": 2
        }, 
        "fit": "Parabolic", 
        "value": 0.37931030783326014
    }, 
    "Ar40": {
        "error": 0.02557652861998598, 
        "filter_outliers_dict": {
            "filter_outliers": true, 
            "iterations": 1, 
            "std_devs": 2
        }, 
        "fit": "Parabolic", 
        "value": 31.62747152511693
    }, 
    "Ar41": {
        "error": 0.015104689193738849, 
        "filter_outliers_dict": {
            "filter_outliers": true, 
            "iterations": 1, 
            "std_devs": 2
        }, 
        "fit": "linear", 
        "value": -0.041380782080870204
    }
}