{
    "Ar36": {
        "error": 0.0003418451074584996, 
        "filter_outliers_dict": {
            "filter_outliers": true, 
            "iterations": 1, 
            "std_devs": 2
        }, 
        "fit": "Parabolic", 
        "value": 0.030597490999217394
    }, 
    "Ar37": {
        "error": 0.004858147639510166, 
        "filter_outliers_dict": {
            "filter_outliers": true, 
            "iterations": 1, 
            "std_devs": 2
        }, 
        "fit": "linear", 
        "value": 2.8225812445051606
    }, 
    "Ar38": {
        "error": 0.0022155833476380686, 
        "filter_outliers_dict": {
            "filter_outliers": true, 
            "iterations": 1, 
            "std_devs": 2
        }, 
        "fit": "linear", 
        "value": 0.09125068937788741
    }, 
    "Ar39": {
        "error": 0.009141053385814937, 
        "filter_outliers_dict": {
            "filter_outliers": true, 
            "iterations": 1, 
            "std_devs": 2
        }, 
        "fit": "Parabolic", 
        "value": 1.5974576988856872
    }, 
    "Ar40": {
        "error": 0.011031869425375877, 
        "filter_outliers_dict": {
            "filter_outliers": true, 
            "iterations": 1, 
            "std_devs": 2
        }, 
        "fit": "Parabolic", 
        "value": 41.18525453671472
    }, 
    "Ar41": {
        "error": 0.005901113664769274, 
        "filter_outliers_dict": {
            "filter_outliers": true, 
            "iterations": 1, 
            "std_devs": 2
        }, 
        "fit": "linear", 
        "value": -0.06723016571238268
    }
}