{
    "AX": {
        "error": 0.0044512765098380655, 
        "filter_outliers_dict": {
            "filter_outliers": true, 
            "iterations": 1, 
            "std_devs": 2
        }, 
        "fit": "average", 
        "value": -0.04055315630349296
    }, 
    "CDD": {
        "error": 4.616419341321116e-06, 
        "filter_outliers_dict": {
            "filter_outliers": true, 
            "iterations": 1, 
            "std_devs": 10
        }, 
        "fit": "average", 
        "value": 1.9752499264088933e-05
    }, 
    "H1": {
        "error": 0.003199817307875201, 
        "filter_outliers_dict": {
            "filter_outliers": true, 
            "iterations": 1, 
            "std_devs": 2
        }, 
        "fit": "average", 
        "value": -0.02465877147484458
    }, 
    "H2": {
        "error": 0.006367054124584135, 
        "filter_outliers_dict": {
            "filter_outliers": true, 
            "iterations": 1, 
            "std_devs": 2
        }, 
        "fit": "average", 
        "value": -0.1481638852868469
    }, 
    "L1": {
        "error": 0.0015696399383502634, 
        "filter_outliers_dict": {
            "filter_outliers": true, 
            "iterations": 1, 
            "std_devs": 2
        }, 
        "fit": "average", 
        "value": -0.018401567489170947
    }, 
    "L2": {
        "error": 0.004350651286145009, 
        "filter_outliers_dict": {
            "filter_outliers": true, 
            "iterations": 1, 
            "std_devs": 2
        }, 
        "fit": "average", 
        "value": -0.017655910593831533
    }
}