{
    "Ar36": {
        "error": 0.0007989445117415172, 
        "filter_outliers_dict": {
            "filter_outliers": true, 
            "iterations": 1, 
            "std_devs": 2
        }, 
        "fit": "Parabolic", 
        "value": 0.17861046004500272
    }, 
    "Ar37": {
        "error": 0.004741961903324884, 
        "filter_outliers_dict": {
            "filter_outliers": true, 
            "iterations": 1, 
            "std_devs": 2
        }, 
        "fit": "linear", 
        "value": 0.019930405503325713
    }, 
    "Ar38": {
        "error": 0.002219985777655931, 
        "filter_outliers_dict": {
            "filter_outliers": true, 
            "iterations": 1, 
            "std_devs": 2
        }, 
        "fit": "linear", 
        "value": 0.06434931209541124
    }, 
    "Ar39": {
        "error": 0.009086291629752172, 
        "filter_outliers_dict": {
            "filter_outliers": true, 
            "iterations": 1, 
            "std_devs": 2
        }, 
        "fit": "Parabolic", 
        "value": 2.1220936273663664
    }, 
    "Ar40": {
        "error": 0.012604746731521064, 
        "filter_outliers_dict": {
            "filter_outliers": true, 
            "iterations": 1, 
            "std_devs": 2
        }, 
        "fit": "Parabolic", 
        "value": 77.83760381788721
    }, 
    "Ar41": {
        "error": 0.006533164342730347, 
        "filter_outliers_dict": {
            "filter_outliers": true, 
            "iterations": 1, 
            "std_devs": 2
        }, 
        "fit": "linear", 
        "value": -0.06841171427871776
    }
}