{
    "Ar36": {
        "error": 0.00023046437702936183, 
        "filter_outliers_dict": {
            "filter_outliers": true, 
            "iterations": 1, 
            "std_devs": 2
        }, 
        "fit": "Parabolic", 
        "value": 0.011673891094776609
    }, 
    "Ar37": {
        "error": 0.005146942048702229, 
        "filter_outliers_dict": {
            "filter_outliers": true, 
            "iterations": 1, 
            "std_devs": 2
        }, 
        "fit": "linear", 
        "value": 0.014373375505703579
    }, 
    "Ar38": {
        "error": 0.0021319235980656968, 
        "filter_outliers_dict": {
            "filter_outliers": true, 
            "iterations": 1, 
            "std_devs": 2
        }, 
        "fit": "linear", 
        "value": 0.010878391802613983
    }, 
    "Ar39": {
        "error": 0.008169734677629718, 
        "filter_outliers_dict": {
            "filter_outliers": true, 
            "iterations": 1, 
            "std_devs": 2
        }, 
        "fit": "Parabolic", 
        "value": 0.8195891481378801
    }, 
    "Ar40": {
        "error": 0.008023740459538763, 
        "filter_outliers_dict": {
            "filter_outliers": true, 
            "iterations": 1, 
            "std_devs": 2
        }, 
        "fit": "Parabolic", 
        "value": 11.207603635813586
    }, 
    "Ar41": {
        "error": 0.0068961484187289234, 
        "filter_outliers_dict": {
            "filter_outliers": true, 
            "iterations": 1, 
            "std_devs": 2
        }, 
        "fit": "linear", 
        "value": -0.0863688222767465
    }
}